<?xml version="1.0" encoding="UTF-8"?>
<project-private xmlns="http://www.netbeans.org/ns/project-private/1">
    <editor-bookmarks xmlns="http://www.netbeans.org/ns/editor-bookmarks/2" lastBookmarkId="0"/>
    <open-files xmlns="http://www.netbeans.org/ns/projectui-open-files/2">
        <group>
            <file>file:/C:/Users/rafae/Desktop/Faculdade/6º%20PERÍODO/Sistemas%20Distribuídos/ProjetoEnviadoMoodle/EntregaFinal/ProjetoBingo/src/View/AbrirServidor.java</file>
            <file>file:/C:/Users/rafae/Desktop/Faculdade/6º%20PERÍODO/Sistemas%20Distribuídos/ProjetoEnviadoMoodle/EntregaFinal/ProjetoBingo/src/controller/Servidor.java</file>
            <file>file:/C:/Users/rafae/Desktop/Faculdade/6º%20PERÍODO/Sistemas%20Distribuídos/ProjetoEnviadoMoodle/EntregaFinal/ProjetoBingo/src/controller/Conexao.java</file>
            <file>file:/C:/Users/rafae/Desktop/Faculdade/6º%20PERÍODO/Sistemas%20Distribuídos/ProjetoEnviadoMoodle/EntregaFinal/ProjetoBingo/src/controller/Cliente.java</file>
        </group>
    </open-files>
</project-private>
